{"cameraMode":{"drawMode":0,"name":"Shaded","section":"Shading Mode"},"sceneLighting":true,"audioPlay":false,"sceneViewState":{"showFog":true,"showMaterialUpdate":true,"showSkybox":true,"showFlares":true,"showImageEffects":true,"showParticleSystems":true},"in2DMode":false,"pivot":{"x":44.98197555541992,"y":-18.65612030029297,"z":17.89871597290039},"rotation":{"x":-0.14870856702327729,"y":-0.6491374373435974,"z":0.1314583718776703,"w":-0.7343195080757141},"size":52.847042083740237,"orthographic":false}