{"cameraMode":{"drawMode":0,"name":"Shaded","section":"Shading Mode"},"sceneLighting":true,"audioPlay":false,"sceneViewState":{"showFog":true,"showMaterialUpdate":true,"showSkybox":true,"showFlares":true,"showImageEffects":true,"showParticleSystems":true},"in2DMode":false,"pivot":{"x":70.17356872558594,"y":19.21379280090332,"z":45.952239990234378},"rotation":{"x":-0.08868645131587982,"y":-0.3847728371620178,"z":0.03717248514294624,"w":-0.9179884791374207},"size":49.92976760864258,"orthographic":false}