{"cameraMode":{"drawMode":0,"name":"Shaded","section":"Shading Mode"},"sceneLighting":true,"audioPlay":false,"sceneViewState":{"showFog":true,"showMaterialUpdate":true,"showSkybox":true,"showFlares":true,"showImageEffects":true,"showParticleSystems":true},"in2DMode":false,"pivot":{"x":50.838016510009769,"y":27.27013397216797,"z":38.24754333496094},"rotation":{"x":-0.005885445978492498,"y":-0.9933182001113892,"z":0.09897279739379883,"w":-0.05906585976481438},"size":18.95746612548828,"orthographic":false}